{
    "LinearRegression": {
        "RMSE": 3.1709875946726013e-15,
        "R2": 1.0
    },
    "Ridge": {
        "RMSE": 0.10263148981815157,
        "R2": 0.9996524654804142
    },
    "Lasso": {
        "RMSE": 0.0713084619401549,
        "R2": 0.9998322282555766
    },
    "ElasticNet": {
        "RMSE": 0.4796538366339431,
        "R2": 0.9924091129897467
    }
}